N,t_FRLT,e_FRLT_max,e_rel_FRLT_max,t_G1,e_G1_max,e_rel_G1_max,t_R1,e_R1_max,e_rel_R1_max
1000,0.00019979476928710938,0.022443413404822365,0.008927407951642718,0.0012371540069580078,0.030308122017917327,0.009729545024792272,0.2477107048034668,0.06061611666151023,0.2608515032573159
2500,0.00037932395935058594,0.05260186749384488,0.003102003633432565,0.007790327072143555,0.012123257337623983,0.00389192253440132,0.3727223873138428,0.024246496233761405,0.268284195059317
5000,0.0006585121154785156,0.07047634060164043,0.002325979694940362,0.031078815460205078,0.00606163007951821,0.0019459688621433992,0.8948049545288086,0.012123255477604289,0.2707618602270587
7500,0.0008895397186279297,0.08024536650465919,0.002648040460255376,0.06981706619262695,0.004041087032327084,0.001297313534648516,1.7552356719970703,0.008082171889412848,0.2715877538409279
10000,0.0011413097381591797,0.08714144648068256,0.002875414498444759,0.12410259246826172,0.003030815391561248,0.0009729854085839206,2.9869396686553955,0.006061629501136423,0.2720007012365033
12500,0.0014088153839111328,0.09263049522581568,0.0030564148819403948,0.19418621063232422,0.0024246523692603716,0.0007783884243104817,4.510557174682617,0.004849303881492517,0.27224846981216666
15000,0.001646280288696289,0.09728373207864394,0.0032098664282631823,0.2795090675354004,0.0020205436724509696,0.0006486570652946879,6.401723861694336,0.004041086724765108,0.2724136489086577
20000,0.002148866653442383,0.1050286389432209,0.003472046252518208,0.4970111846923828,0.0015154077833123836,0.0004864928335157978,11.20905351638794,0.0030308151921083493,0.27262012282130044
