N,t_FRLT,e_FRLT_max,e_rel_FRLT_max,t_G1,e_G1_max,e_rel_G1_max,t_R1,e_R1_max,e_rel_R1_max
1000,0.20499134063720703,0.022443413404822365,0.008927407951642718,0.16417407989501953,0.030308122017917327,0.009729545024792272,0.24503111839294434,0.06061611666151023,0.2608515032573159
2500,0.22821640968322754,0.05260186749384488,0.003102003633432565,0.13541865348815918,0.012123257337623983,0.00389192253440132,0.39060020446777344,0.024246496233761405,0.268284195059317
5000,0.20626306533813477,0.07047634060164043,0.002325979694940362,0.1603853702545166,0.00606163007951821,0.0019459688621433992,0.9358291625976562,0.012123255477604289,0.2707618602270587
7500,0.23435449600219727,0.08024536650465919,0.002648040460255376,0.20612668991088867,0.004041087032327084,0.001297313534648516,1.791917324066162,0.008082171889412848,0.2715877538409279
10000,0.20458126068115234,0.08714144648068256,0.002875414498444759,0.2905571460723877,0.003030815391561248,0.0009729854085839206,2.9929044246673584,0.006061629501136423,0.2720007012365033
12500,0.20604181289672852,0.09263049522581568,0.0030564148819403948,0.32194018363952637,0.0024246523692603716,0.0007783884243104817,4.56976580619812,0.004849303881492517,0.27224846981216666
15000,0.2316422462463379,0.09728373207864394,0.0032098664282631823,0.4069859981536865,0.0020205436724509696,0.0006486570652946879,6.6151087284088135,0.004041086724765108,0.2724136489086577
20000,0.2058572769165039,0.1050286389432209,0.003472046252518208,0.6295406818389893,0.0015154077833123836,0.0004864928335157978,11.691337823867798,0.0030308151921083493,0.27262012282130044
