N,t_FRLT,e_FRLT_max,e_rel_FRLT_max,t_G1,e_G1_max,e_rel_G1_max,t_R1,e_R1_max,e_rel_R1_max
1000,0.0002117156982421875,0.022443413404822365,0.008927407951642718,0.0012421607971191406,0.030308122017917327,0.009729545024792272,0.02767014503479004,0.06061611666151023,0.2608515032573159
2500,0.0003714561462402344,0.05260186749384488,0.003102003633432565,0.0076711177825927734,0.012123257337623983,0.00389192253440132,0.17243170738220215,0.024246496233761405,0.268284195059317
5000,0.0006124973297119141,0.07047634060164043,0.002325979694940362,0.03056049346923828,0.00606163007951821,0.0019459688621433992,0.6908681392669678,0.012123255477604289,0.2707618602270587
7500,0.0008900165557861328,0.08024536650465919,0.002648040460255376,0.06874322891235352,0.004041087032327084,0.001297313534648516,1.5481348037719727,0.008082171889412848,0.2715877538409279
10000,0.0011219978332519531,0.08714144648068256,0.002875414498444759,0.1221921443939209,0.003030815391561248,0.0009729854085839206,2.738617181777954,0.006061629501136423,0.2720007012365033
12500,0.0013926029205322266,0.09263049522581568,0.0030564148819403948,0.19314265251159668,0.0024246523692603716,0.0007783884243104817,4.28286337852478,0.004849303881492517,0.27224846981216666
15000,0.001600027084350586,0.09728373207864394,0.0032098664282631823,0.2757914066314697,0.0020205436724509696,0.0006486570652946879,6.154582262039185,0.004041086724765108,0.2724136489086577
20000,0.002128124237060547,0.1050286389432209,0.003472046252518208,0.4955329895019531,0.0015154077833123836,0.0004864928335157978,10.940184116363525,0.0030308151921083493,0.27262012282130044
