N,t_FRLT,e_FRLT_max,e_rel_FRLT_max,t_G1,e_G1_max,e_rel_G1_max,t_R1,e_R1_max,e_rel_R1_max
1000,0.0,0.022443413404822365,0.008927407951642718,0.0010004043579101562,30.086359742712695,0.9945528854255052,0.07001662254333496,0.06061611666151734,0.2608515032573159
2500,0.0010006427764892578,0.05260186749384488,0.003102003633432565,0.007002115249633789,30.221600379571253,0.9978237659779073,0.4250960350036621,0.024246496233757853,0.268284195059317
5000,0.0009999275207519531,0.07047634060164043,0.002325979694940362,0.031005859375,30.266680693938305,0.9989123176140804,1.6973819732666016,0.012123255477604289,0.2707618602270587
7500,0.0009999275207519531,0.08024536650465919,0.002648040460255376,0.07101750373840332,30.281707476433095,0.9992749749427182,3.825859785079956,0.008082171889423506,0.2715877538409279
10000,0.0009999275207519531,0.08714144648068256,0.002875414498444759,0.12402677536010742,30.28922086973107,0.999456267400005,6.796536922454834,0.0060616295011293175,0.2720007012365033
12500,0.0009996891021728516,0.09263049522581568,0.0030564148819403948,0.19504404067993164,30.2937289063635,0.9995650312908279,10.715651750564575,0.004849303881481859,0.27224846981216666
15000,0.0019998550415039062,0.09728373207864394,0.0032098664282631823,0.27706313133239746,30.296734264390402,0.9996375357255225,16.250868320465088,0.0040410867247757665,0.2724136489086577
20000,0.0030002593994140625,0.1050286389432209,0.003472046252518208,0.492110013961792,30.300490962229162,0.9997281608403327,28.924072265625,0.003030815192101244,0.27262012282130044
