N,t_FRLT,e_FRLT_max,e_rel_FRLT_max,t_G1,e_G1_max,e_rel_G1_max,t_R1,e_R1_max,e_rel_R1_max
1000,0.03500795364379883,0.022443413404822365,0.008927407951642718,0.2050461769104004,30.086359742712695,0.9945528854255052,0.6721529960632324,0.06061611666151734,0.2608515032573159
2500,0.08501911163330078,0.05260186749384488,0.003102003633432565,1.316295862197876,30.221600379571253,0.9978237659779073,4.2470948696136475,0.024246496233757853,0.268284195059317
5000,0.1670365333557129,0.07047634060164043,0.002325979694940362,5.2831871509552,30.266680693938305,0.9989123176140804,16.681316614151,0.012123255477604289,0.2707618602270587
7500,0.2540566921234131,0.08024536650465919,0.002648040460255376,11.855172395706177,30.281707476433095,0.9992749749427182,35.68794918060303,0.008082171889423506,0.2715877538409279
10000,0.3360748291015625,0.08714144648068256,0.002875414498444759,21.30502676963806,30.28922086973107,0.999456267400005,66.98025941848755,0.0060616295011293175,0.2720007012365033
12500,0.42009401321411133,0.09263049522581568,0.0030564148819403948,33.92418932914734,30.2937289063635,0.9995650312908279,101.76124286651611,0.004849303881481859,0.27224846981216666
15000,0.49711084365844727,0.09728373207864394,0.0032098664282631823,49.64290261268616,30.296734264390402,0.9996375357255225,144.47684693336487,0.0040410867247757665,0.2724136489086577
20000,0.7031576633453369,0.1050286389432209,0.003472046252518208,89.08635187149048,30.300490962229162,0.9997281608403327,257.4012362957001,0.003030815192101244,0.27262012282130044
