N,t_FRLT,e_FRLT_max,e_rel_FRLT_max,t_G1,e_G1_max,e_rel_G1_max,t_R1,e_R1_max,e_rel_R1_max
1000,0.03400111198425293,0.022443413404822365,0.008927407951642718,0.21800017356872559,0.030308122017917327,0.009729545024792272,0.633000373840332,0.06061611666151734,0.2608515032573159
2500,0.0859978199005127,0.05260186749384488,0.003102003633432565,1.3395159244537354,0.012123257337623983,0.00389192253440132,4.015999794006348,0.024246496233757853,0.268284195059317
5000,0.16617822647094727,0.07047634060164043,0.002325979694940362,5.385299921035767,0.00606163007951821,0.0019459688621433992,16.051702737808228,0.012123255477604289,0.2707618602270587
7500,0.2539997100830078,0.08024536650465919,0.002648040460255376,12.413997173309326,0.004041087032327084,0.001297313534648516,36.19131851196289,0.008082171889423506,0.2715877538409279
10000,0.34799909591674805,0.08714144648068256,0.002875414498444759,21.605939149856567,0.003030815391561248,0.0009729854085839206,64.26907205581665,0.0060616295011293175,0.2720007012365033
12500,0.42699742317199707,0.09263049522581568,0.0030564148819403948,34.40876078605652,0.0024246523692603716,0.0007783884243104817,100.52220058441162,0.004849303881481859,0.27224846981216666
15000,0.5179731845855713,0.09728373207864394,0.0032098664282631823,49.19821619987488,0.0020205436724509696,0.0006486570652946879,144.96960830688477,0.0040410867247757665,0.2724136489086577
20000,0.6829988956451416,0.1050286389432209,0.003472046252518208,87.63716721534729,0.0015154077833123836,0.0004864928335157978,257.8835172653198,0.003030815192101244,0.27262012282130044
