N,t_FRLT,e_FRLT_max,e_rel_FRLT_max,t_G1,e_G1_max,e_rel_G1_max,t_R1,e_R1_max,e_rel_R1_max
1000,0.029013395309448242,0.022443413404822365,0.008927407951642718,0.19245219230651855,0.030308122017917327,0.009729545024792272,0.4370534420013428,0.06061611666151023,0.2608515032573159
2500,0.0784144401550293,0.05260186749384488,0.003102003633432565,1.299774169921875,0.012123257337623983,0.00389192253440132,2.775341272354126,0.024246496233761405,0.268284195059317
5000,0.16539525985717773,0.07047634060164043,0.002325979694940362,4.6604979038238525,0.00606163007951821,0.0019459688621433992,10.48996090888977,0.012123255477604289,0.2707618602270587
7500,0.26259279251098633,0.08024536650465919,0.002648040460255376,10.571980476379395,0.004041087032327084,0.001297313534648516,24.99775266647339,0.008082171889412848,0.2715877538409279
10000,0.3367116451263428,0.08714144648068256,0.002875414498444759,18.186065196990967,0.003030815391561248,0.0009729854085839206,63.04559588432312,0.006061629501136423,0.2720007012365033
12500,0.41774916648864746,0.09263049522581568,0.0030564148819403948,26.824902772903442,0.0024246523692603716,0.0007783884243104817,100.22392892837524,0.004849303881492517,0.27224846981216666
15000,0.5031051635742188,0.09728373207864394,0.0032098664282631823,39.00656032562256,0.0020205436724509696,0.0006486570652946879,134.5192801952362,0.004041086724765108,0.2724136489086577
20000,0.6603639125823975,0.1050286389432209,0.003472046252518208,72.08694052696228,0.0015154077833123836,0.0004864928335157978,215.711186170578,0.0030308151921083493,0.27262012282130044
