N,t_FRLT,e_FRLT_max,e_rel_FRLT_max,t_G1,e_G1_max,e_rel_G1_max,t_R1,e_R1_max,e_rel_R1_max
1000,0.03500843048095703,0.022443413404822365,0.008927407951642718,0.11402559280395508,0.03030812201795996,0.009729545024792272,0.5330832004547119,0.06061611666151734,0.2608515032573159
5000,0.16904282569885254,0.07047634060164043,0.002325979694940362,0.09702253341674805,0.006061630079585711,0.0019459688621433992,13.526041746139526,0.012123255477604289,0.2707618602270587
10000,0.34481239318847656,0.08714144648068256,0.002875414498444759,0.3931148052215576,0.0030308153915505898,0.0009729854085839206,53.939141035079956,0.0060616295011293175,0.2720007012365033
15000,0.5091145038604736,0.09728373207864394,0.0032098664282631823,0.8817596435546875,0.0020205436724509696,0.0006486570652946879,122.24123358726501,0.0040410867247757665,0.2724136489086577
20000,0.6932291984558105,0.1050286389432209,0.003472046252518208,1.5665032863616943,0.00151540778354331,0.0004864928335157978,215.77832055091858,0.003030815192101244,0.27262012282130044
