N,t_FRLT,e_FRLT_max,e_rel_FRLT_max,t_G1,e_G1_max,e_rel_G1_max,t_R1,e_R1_max,e_rel_R1_max
1000,0.0010018348693847656,0.022443413404822365,0.008927407951642563,0.0010008811950683594,0.030308122017903116,0.009729545024792272,0.004003763198852539,0.060616116660387576,0.2608515032573159
2500,0.0009982585906982422,0.05260186749384488,0.003102003633432565,0.005998134613037109,0.012123257337648852,0.00389192253440132,0.022995471954345703,0.024246496234752613,0.268284195059317
5000,0.0010006427764892578,0.07047634060164754,0.002325979694940596,0.023000717163085938,0.006061630079507552,0.0019459688621433992,0.09299826622009277,0.01212325548272375,0.2707618602270587
7500,0.0009996891021728516,0.08024536650466274,0.002648040460255493,0.051999807357788086,0.004041087032362611,0.001297313534648516,0.20699691772460938,0.008082171894699286,0.2715877538409279
10000,0.0009999275207519531,0.08714144648068256,0.002875414498444759,0.09299707412719727,0.0030308153914191394,0.0009729854085839206,0.3680238723754883,0.006061629506795896,0.2720007012365033
12500,0.0010004043579101562,0.09263049522581213,0.0030564148819402777,0.14899826049804688,0.002424652369246161,0.0007783884243104817,0.5762228965759277,0.004849303891155898,0.27224846981216666
15000,0.0009996891021728516,0.09728373207864394,0.0032098664282631823,0.21199989318847656,0.0020205436723657044,0.0006486570652946879,0.827101469039917,0.004041086740990352,0.2724136489086577
20000,0.0019989013671875,0.1050286389432209,0.003472046252518208,0.3769986629486084,0.0015154077834012014,0.0004864928335157978,1.4709954261779785,0.003030815221368499,0.27262012282130044
