N,t_FRLT,t_G1,t_R1
1000,0.015741,0.0285203,0.1142886
2500,0.0399165,0.1791544,0.7186805
5000,0.0793262,0.7179398,2.9108343
7500,0.1194936,1.6266232999999999,6.5209988
10000,0.1638822,2.9298315,11.4815452
12500,0.1995145,4.4970925,17.9620455
15000,0.2347513,6.4218382,25.3061874
20000,0.3177993,11.2396385,44.3109877
